contest_number,image_url,human_description,top_caption_1,top_caption_2,top_caption_3
660,https://nextml.github.io/caption-contest-data/cartoons/660.jpg,"A doctor, wearing a lab coat and stethoscope, is reading from a clipboard while standing next to a patient who is dressed as a king, complete with a crown and a fur-lined robe. The king is sitting on an examination table, looking up at the doctor. The setting appears to be a typical doctor's office. The doctor is speaking.",Worse than a cold. It's a common cold.,"On the bright side, I've got some good news for the Prince.",The robe is supposed to open in the back.
661,https://nextml.github.io/caption-contest-data/cartoons/661.jpg,"In a whimsical scene, a woman resembling Snow White stands in a field, surrounded by seven dwarfs who are all joyfully roller-skating. The dwarfs are smiling and appear to be having a great time, while a distant castle is visible on a hill in the background. Snow White looks surprised and amused by the dwarfs' antics. Snow White is speaking.",Workplace morale hasn't been this high since we introduced whistling.,"I mean, it's not like mining jobs are ever coming back.",Let’s keep Clumsy in our prayers.
662,https://nextml.github.io/caption-contest-data/cartoons/662.jpg,"A wedding ceremony is taking place, but the bride and groom are dressed as vikings, complete with animal skins, viking helmet, wrapped footwear, and one holding a spear while the other holds a sword. They stand under a decorated archway, facing a minister who is reading from a book. On the left, bridesmaids in traditional dresses hold bouquets, and on the right, groomsmen in tuxedos stand attentively. One of the bridesmaids is turned back, speaking to another bridesmaid.",It’s about time they settled down and razed a village.,Did you see the rock he gave her?,"""I love that no one wears the pants in their relationship."""
663,https://nextml.github.io/caption-contest-data/cartoons/663.jpg,"A man and a woman stand in a kitchen, looking perplexed while holding open a pizza box on the table. Inside the box, on the center of the pizza, there is a miniature scene of two people sitting at a small table, having a meal with wine glasses. The miniature man is speaking up to the regular-sized couple. ","Well, you're not what we ordered, either.",Remember us from your wedding cake?,Please say you're vegetarian.
664,https://nextml.github.io/caption-contest-data/cartoons/664.jpg,"In a courtroom, a judge leans forward, angrily speaking to a man dressed in a magician's outfit complete with a top hat and wand, who is seated in the witness stand. A woman stands nearby holding a document, observing the interaction. The scene is set with the American flag and another flag in the background, adding to the formal courtroom atmosphere. The judge is speaking.","""When was the last time you saw either half of her?",And stop referring to the prosecuting attorney as ‘my lovely assistant.’ ,We know you're guilty. Now we want to know how you did it.
665,https://nextml.github.io/caption-contest-data/cartoons/665.jpg,"Two sharks are facing each other in the ocean. A person, visible only from the waist down, is standing on the back one of the sharks. They have a slightly bewildered expression. The shark carrying the person is speaking.",How about some help carrying the groceries?,Once I gave him a name I didn’t have the heart to eat him.,"Well, that's embarrassing. How long has it been there?"
666,https://nextml.github.io/caption-contest-data/cartoons/666.jpg,"In a black-and-white cartoon, a man in a suit is lying on a bright red, lip-shaped couch, presumably in a therapy session. He looks somewhat distressed as he looks up at a therapist, who is seated in a chair, attentively taking notes. There is a large window in the background. The patient in the couch is speaking.",Shouldn’t you be sitting in an ear?,Mother wore this color.,How do I explain lipstick on my entire suit?
667,https://nextml.github.io/caption-contest-data/cartoons/667.jpg,"Two mice are doing an IKEA-like assembly. However, what they’re assembling is a maze, akin to a lab setting. They are surrounded by various wooden panels, screws, and an Allen wrench. One mouse is holding an instruction sheet and speaking, while the other looks on, seemingly puzzled.",Let's just go with the open floor plan.,They’re not testing our intelligence. They’re testing our marriage.,"""It's been tested on humans."""
668,https://nextml.github.io/caption-contest-data/cartoons/668.jpg,"A large dragon with a long, curving tail and wings is holding a small bouquet of flowers, looking somewhat shy or nervous. The dragon is standing outside a castle with a drawbridge, where a princess with a pointy hat peeks out from behind a partially open door, appearing cautious or surprised. The princess is speaking.",I’m sorry. I’ve been burned too many times.,"Look, damsels say all sorts of things in distress.","I only like you as a friend, weapon, and means of travel."
669,https://nextml.github.io/caption-contest-data/cartoons/669.jpg,"A baby leans over the side of a crib to a microphone on a stand, as if ready to give a speech or perform. The crib has a block with letters. A mobile with boats and airplanes hangs above the crib. A teddy bear lies on the floor. In the background, a couple stands in the doorway, looking at the baby with expressions of surprise and curiosity. The woman is speaking with a smile.",I love his bedtime routine.,He sounds so much better live than on the baby monitor.,Now we just need to neglect him so he'll have lots of material.
671,https://nextml.github.io/caption-contest-data/cartoons/671.jpg,"Two woolly mammoths are standing in a cave. One mammoth has several tiny cavemen on its back, each holding a spear and appearing to be attacking the mammoth. The mammoth without cavemen looks at the other mammoth, who is speaking with a slight grimace. The scene is set against a backdrop of cave walls.",It didn’t really bother me until they discovered fire.,We never had this problem with the gatherers.,The doctor says they’ll be gone in a few million years.
672,https://nextml.github.io/caption-contest-data/cartoons/672.jpg,"In a doctor's office, a man with a rat's head, dressed in a lab coat and tie, sits behind a cluttered desk with a computer, papers, and a prescription pad. He is handing a prescription to a patient seated across from him. The walls are adorned with framed certificates. The rat-headed doctor appears to be speaking.",Don't worry. I wouldn't prescribe anything I haven't tested on myself.,"Trust me, I know the plague when I see it.",I’m a rat. What you need is an ophthalmologist.
673,https://nextml.github.io/caption-contest-data/cartoons/673.jpg,"A tall, medieval-style tower with a woman at the top has incredibly long hair flowing down to the ground, like Rapunzel. A man is completely tangled in the hair, towards the ground, with his feathered hat on the ground below. The scene is set against a backdrop of distant hills.","For God's sake, Dave, you're thirty-five—just use the stairs.",I'd get out of there before the humidity picks up.,"If you were on time, it wouldn't be this long."
674,https://nextml.github.io/caption-contest-data/cartoons/674.jpg,"A massive, menacing werewolf stands on a rocky outcrop, towering over a man in a hoodie who is casually walking his small dog, curiously looking up at the werewolf. The werewolf appears to be snarling, while the man looks back at it with an annoyed expression. The scene is set in a desolate, moonlit landscape with distant trees and mountains. The man is speaking.",Let's let him keep your ball.,You could at least bark.,"Kinda puts going to the vet in perspective, doesn't it?"
675,https://nextml.github.io/caption-contest-data/cartoons/675.jpg,"At a crowded party, a deep-sea diver and an astronaut, both in full gear covering their bodies and heads, stand holding drinks. A woman with a drink in hand is playfully tapping the astronaut's backpack. The other partygoers in the background are engaged in conversation, creating a lively atmosphere. The woman is speaking.",You two seem oddly suited.,Didn’t I say you wouldn’t be the only one wearing a suit?,"Yeah, I didn't have time to change clothes after work, either."
676,https://nextml.github.io/caption-contest-data/cartoons/676.jpg,"A caveman is grilling a cartoonishly enormous piece of meat on a small barbecue grill under a crescent moon. He holds a spatula and looks back at his family, who are standing at the entrance of a cave. The family, consisting of a woman, a child, and a crawling baby, appear to be watching him with a mix of curiosity and concern. The scene is set in a prehistoric landscape with mountains in the background. The caveman is speaking to the family.",I don't tell you how to gather.,Rare? It's nearly extinct.,I just invented leftovers.
677,https://nextml.github.io/caption-contest-data/cartoons/677.jpg,"A man, appearing to be sleepwalking with his arms extended, is heading towards a refrigerator in a kitchen. His eyes are half-closed, and he looks disheveled. On the kitchen counter, a cat with glowing eyes is sitting and staring directly at the man, emitting beams of light from its eyes that illuminate the refrigerator. The scene is surreal and humorous, with the cat seemingly guiding the sleepwalker.",The ahi. Not the canned.,"You will obey my every whim. Oh, wait—you already do.",Look what I dragged in.
678,https://nextml.github.io/caption-contest-data/cartoons/678.jpg,"In a surreal and whimsical scene, two giraffes stand in a barren landscape with their necks intricately twisted and intertwined into a complex knot. Their heads, appearing slightly perplexed, emerge from the tangled mess, looking in different directions. The background features gentle rolling hills, adding to the absurdity of the situation. One giraffe is speaking to the other.",I always knew we'd wind up together.,"If this shows up in National Geographic, we'll never hear the end of it.",I'm trying to see it from your point of view.
679,https://nextml.github.io/caption-contest-data/cartoons/679.jpg,"A king with a long beard and a crown sits on a throne surrounded by various potted cacti and a Venus flytrap. A knight in armor stands to the right, holding a sword and speaking to the king. The scene is set in a desert-like environment, with the king appearing contemplative.","Well, after you beheaded the groundskeeper, we had to go with something low-maintenance.","My liege, Albuquerque is yours.","Yes, Your Highness. The greatest threat is overwatering."
680,https://nextml.github.io/caption-contest-data/cartoons/680.jpg,"In a fancy restaurant, a drenched bear stands dripping water onto the floor, forming a puddle. Across from the bear, a man in a suit sits at a table, calmly reading a menu labeled ""Market St"" with a glass of wine and a basket of bread in front of him. The bear appears to be waiting for something, while the man orders from the menu, unfazed by the bear's presence. ","Well, don't put it on the menu if you can't catch one.",Is it too late to cancel the salmon?,Aren't you going to write this down?
681,https://nextml.github.io/caption-contest-data/cartoons/681.jpg,"In a black-and-white cartoon, a man with large red crab claws instead of hands walks down a city street beside a woman who has her arms crossed and looks annoyed. The man appears frustrated. The background features a brick building with large windows. The woman is speaking.",You pinch me one more time and you’re going to find yourself in hot water.,I can’t believe you wore shorts. Everyone was staring.,Yeah. Like you’re such a great catch.
682,https://nextml.github.io/caption-contest-data/cartoons/682.jpg,"The last two autumn leaves on a tree, with faces hang from a tree branch, looking down at a street covered with fallen leaves. One leaf in the process of falling off is shocked, while the other looks concerned. The scene is set in a neighborhood with houses and a parked car visible below. The falling leaf is shouting to the leaf still attached.",It’s not you. It’s November.,I'll wait for you on the car.,Seems to me you have problems letting go.
683,https://nextml.github.io/caption-contest-data/cartoons/683.jpg,"A caveman couple walks towards a tall stone tower with several windows, looking up and waving. Another caveman couple are looking out from the top window, waving back down and smiling. The landscape is barren with a few palm trees in the distance.",I guarantee he brings up the whole discovering-fire thing within the first five minutes.,"Four-story brownstones? They’ll never catch on, not in a million years.",It scrape sky.
684,https://nextml.github.io/caption-contest-data/cartoons/684.jpg,"A group of various monsters and creatures, including a dragon, an alien, and a polka-dotted, one-eyed being, are seated around a conference table. A human man in a suit stands smiling at the corner of the table, looking somewhat out of place among the fantastical beings. The scene appears to be a business meeting or discussion. The dragon, at the head of the table, is speaking.","Publicly, we’re still saying there are no side effects.","Good, Human Resources is here.",So the board still has no women?
685,https://nextml.github.io/caption-contest-data/cartoons/685.jpg,"In a forest, two hikers with backpacks and beanies look startled as they encounter a giant honey bear bottle, complete with a dispenser on its head, angrily approaching them. One hiker, a woman with braids, is speaking to the other, a man with a beard and glasses. ","Oh, no. I have its little one in my backpack.",Stay calm. I think it just wants to be squeezed.,I think we’re O.K.—honey doesn’t go bad.
686,https://nextml.github.io/caption-contest-data/cartoons/686.jpg,"In a living room, a bald man is sitting on a giant egg, looking content. Two old women sipping tea, seated on a couch, are staring at him. The room is furnished with a coffee table, lamps, and a framed picture on the wall. One old woman is speaking.",I don’t know how to tell him it’s not his.,He’s brooding again.,But will he lift a finger after it hatches?
687,https://nextml.github.io/caption-contest-data/cartoons/687.jpg,"A woman holding a wine glass stands on a rooftop in a city, delighted, looking back at a man sitting at a table with a bottle and glass. Behind them, an enormous face peers over the building, its eyes wide and expressionless, creating an absurd and uncanny scene. The man at the table looks surprised. The woman is speaking with a smile.",How much did you spend at Macy’s this year?,I’d hate to be on the third floor.,"It’s a perfect likeness, George. Right down to the hot air."
688,https://nextml.github.io/caption-contest-data/cartoons/688.jpg,"At a formal gathering, a stern-looking military officer with numerous medals and a cartoonishly long, receipt-like ribbon on his uniform holds a glass of wine. A woman in a black dress, also holding a glass of wine, is leaning in and speaking to him. Other guests are mingling in the background. The officer is speaking.",I was stationed at CVS during the war on drugs.,It’s the price of freedom.,I got tired of explaining each one.
689,https://nextml.github.io/caption-contest-data/cartoons/689.jpg,"A knight in full armor, riding a checkered horse, is holding a lance that has skewered a car door. The knight faces a police officer who is holding a notepad and pen, seemingly about to write a ticket or report. The knight is speaking, possibly explaining himself.","Yes, but just a couple of meads, probably more than an hour ago.","But, officer, he did not yield!",It used to be chivalrous to open doors for people.
690,https://nextml.github.io/caption-contest-data/cartoons/690.jpg,"An astronaut in full space gear stands inside an elevator, facing a surprised bellhop who is holding the elevator door open. The scene takes place in a building lobby, with a potted plant and a directory visible on the wall. The bellhop is speaking to the astronaut.","""Please watch your small step.""","I'm sorry, I just assumed you'd want to go up.","After the top floor, you're on your own."
691,https://nextml.github.io/caption-contest-data/cartoons/691.jpg,"A couple is sitting in their living room, with the man using a laptop and the woman knitting. Outside the window, a large crowd of snowmen, some wearing hats and scarves, are peering in, seemingly watching the couple. The scene is set at night, with bare trees visible in the background. The woman knitting on the couch against the window looks back at the snowmen with a concerned expression, but the man, who is speaking, appears unfazed.","Great, now they all want a scarf.",Invite them in if you want to get rid of them.,"Well, he did say he’d be back again someday."
692,https://nextml.github.io/caption-contest-data/cartoons/692.jpg,"In a surreal costume shop, a wolf dressed in a sheep costume stands on a pedestal, admiring itself in a mirror. Nearby, ain a suit is holding various animal costumes, including a zebra, goat, and unicorn. The scene is filled with an array of animal disguises, some hanging from the ceiling and others draped over furniture. The wolf is speaking.",I'll take this and the granny dress.,"""Perfect! I'm surprising someone for dinner.""","This is more practical for work, but the zebra is just so fun."
693,https://nextml.github.io/caption-contest-data/cartoons/693.jpg,"In a laboratory, two scientists in lab coats are observing a mouse equipped with a jetpack and goggles hovering above a maze, heading toward a block of cheese. The scientists are holding clipboards and appear to be taking notes with concerned or surprised expressions. In the background, there are cages with other mice.One scientist is speaking.",Let’s just give him the damn cheese.,"Yes, that's cool. But it's not statistically significant.",Exhibits inability to understand maze exercise.
694,https://nextml.github.io/caption-contest-data/cartoons/694.jpg,"A person is shoveling snow on a sidewalk while another person stands behind them, holding a large guitar. Both are dressed warmly in winter clothing, including hats and earmuffs. The scene takes place outside a house with snow-covered ground and trees in the background. The person with the guitar appears to be speaking.",I didn’t say I would help. I said I’d accompany you.,This one’s about a man who wouldn’t buy a snowblower.,It’s like you’re not even trying to shovel on beat.
695,https://nextml.github.io/caption-contest-data/cartoons/695.jpg,"A slice of bread with a face, arms, and legs, wearing a bow tie, stands in front of a restaurant podium. Behind the podium is a surprised-looking host with a bald head and a bow tie, holding a pen and a notepad. The host is speaking to the bread, who looks disappointed.",You’re in luck. A slot for you just opened up in our kitchen.,"I’m sorry, sir. We no longer serve bread.","Yes, we seated a potato, but he had a jacket."
696,https://nextml.github.io/caption-contest-data/cartoons/696.jpg,"In an upscale dining room with a chandelier and a framed painting on the wall, a cowboy is something from a bucket into a pig trough set atop the table. A well-dressed man and a woman are seated at the table, watching the trough as he pours. The woman is speaking with a neutral expression.","If there’s a ring in here, Hank, I swear to God . . .",Don’t ask for a spoon—he’ll know we’re tourists.,I have a feeling I’m not going to like the suggested wine pairing.
697,https://nextml.github.io/caption-contest-data/cartoons/697.jpg,"A man in tattered clothes and a blindfold walks the plank from a subway train, while typical pirate captain with an eye patch, hat, parrot, and peg leg, along with a shirtless crew member with a bandana watch from the train's doorway. The scene is absurdly set in a modern subway station. The crew member is speaking from behind the captain.",No one crosses the Pirates of Penn Station.,Wait till he finds out this isn't his stop.,Transfer to the F train and that’ll take you right to the ocean. Then jump in that.
698,https://nextml.github.io/caption-contest-data/cartoons/698.jpg,"In a black and white cartoon, a man wearing a yellow crown and a red royal robe walks down a city sidewalk with a woman. They pass by a person walking a dog and another couple engaged in conversation. The scene is set against a backdrop of buildings with windows and a door under an arched entrance. The man with the crown appears out of place in the otherwise ordinary urban setting. The woman is speaking.","Harry, the whole point of leaving England was to blend in.","They weren’t usurpers, dear. They just had a reservation.",So this is your idea of treating me like a queen?
699,https://nextml.github.io/caption-contest-data/cartoons/699.jpg,"A therapist sits in an armchair taking notes while three patients lie on a triple-decker couch. The patients are stacked one above the other, each lying down as if on a traditional therapy couch. The room is decorated with certificates on the wall and a lamp on a side table. The therapist is speaking.",And how do you feel about how she feels about how he feels?,"Today, we’re going to work on your codependence issues, your separation anxiety, and your fear of heights.",Trust me. You're not alone.
700,https://nextml.github.io/caption-contest-data/cartoons/700.jpg,"A centaur, dressed in a suit, stands at a pharmacy counter holding a coffee cup, speaking to a pharmacist behind the counter holding a pill bottle. The pharmacy shelves are filled with various bottles and boxes of medication. There is a bench to the right of the centaur. The pharmacist is speaking, unfazed by the centaur.",Looks like you’re already familiar with the side effects.,"They didn’t specify which one, but your insurance will only cover half.","Use caution when pulling a wagon, a plow, or other machinery while you’re on this medication."
701,https://nextml.github.io/caption-contest-data/cartoons/701.jpg,"In a bustling restaurant, a waitress with a notepad looks surprised as she takes an order from a mouse sitting at a table, holding a menu. Other diners in the background seem oblivious to the unusual scene. The mouse is speaking","I know I don’t look familiar, but, believe me, I eat here all the time.","The last time I was here, I swear they tried to poison me.",There’ll be several hundred of us.
702,https://nextml.github.io/caption-contest-data/cartoons/702.jpg,"In a barbershop, a barber holding scissors and a towel stands near a door with a ""SORRY WE'RE CLOSED"" sign. He looks at a customer who has a bird nesting on his curly hair. The customer stands with his hands in his pockets, seemingly unfazed by the bird on his head. The customer is speaking.",Could you trim the sides but leave it feathered on top?,"When you wear a baseball cap, everyone knows you’re just covering a bald spot.",Just be glad I didn’t come here when I had a ponytail.
703,https://nextml.github.io/caption-contest-data/cartoons/703.jpg,"A waiter stands near a table where a woman is sitting with a bowl of food. The waiter is pointing at a crocodile, which is emerging from what seems to be a trench or a pit near the dining area. The scene is an absurd juxtaposition of a regular dining setting and a dangerous, out-of-place alligator, creating humor through the waiter’s calm reaction to the bizarre situation.","Past the alligator, through the ring of fire, first door on your left.",Let’s just say he’ll have what you’re having.,We’re trying to teach him not to beg at the table.
704,https://nextml.github.io/caption-contest-data/cartoons/704.jpg,"Two men in orchestra attire are standing inside an elevator, each wearing a large tuba around their waist. Outside the elevator, a man with a bag over his shoulder is looking at them. The elevator doors are open, and there are potted plants on either side of the entrance. One of the tuba men is speaking.","No, you come in on four.",Don’t worry. We know how to conduct ourselves.,We promise there will be no awkward silence.
705,https://nextml.github.io/caption-contest-data/cartoons/705.jpg,"Two cowboys on horseback survey a chaotic scene in the desert where a large, modern espresso machine has been overturned, spilling coffee beans and equipment everywhere. A campfire burns nearby, and cacti dot the landscape. One cowboy appears to be speaking to the other.",Decaf. They can’t be far away.,Americanos.,Grounds still warm . . .
706,https://nextml.github.io/caption-contest-data/cartoons/706.jpg,"Two hikers with explorer backpacks and walking sticks are trekking through a forest and come across two subway trains, labeled ""2"" and ""A,"" parked amidst the trees. The scene is a humorous juxtaposition of nature and urban elements. One hiker is saying something to the other.","Of course—we wait forever, then two come at the same time.","Apparently, they wouldn't ask for directions, either.","Of all the things we packed, I didn't think to bring my MetroCard."
707,https://nextml.github.io/caption-contest-data/cartoons/707.jpg,"A man dressed as the mythological figure Atlas, complete with sandals and a toga, is struggling to carry a large globe on his back as he exits a house. Inside the room, a woman in a bathrobe and slippers, holding a cup of coffee, watches him with a nonchalant expression. Man is speaking back to the woman with a strained expression.","Next week, I'll move Heaven for you.",It’s mostly water weight.,I'm not bringing work home anymore.
708,https://nextml.github.io/caption-contest-data/cartoons/708.jpg,"In a chaotic kitchen, a chef stands in front of a stove with a pot boiling over, spilling its contents. The kitchen is a mess, with open cabinets and a blender that appears to have overflowed. The chef, looking frustrated, is looking back at a knight in full plate armor standing nearby, which is observing the scene.",Fine—next time you slay the dragon and I'll cook.,I heard dinner needed rescuing.,The round table is set.
709,https://nextml.github.io/caption-contest-data/cartoons/709.jpg,"A woman with a briefcase is about to enter an elevator, but instead of the elevator floor, there is a pit filled with flames and people with nonchalant expressions. The elevator doors are open, revealing the chaotic scene inside, while the woman appears calm and composed. The elevator buttons on the wall next to the elevator.",Try the stairs. This takes an eternity.,We’re temps―the eternally damned are back Monday.,So now we know what the ‘FIRE’ button does.
710,https://nextml.github.io/caption-contest-data/cartoons/710.jpg,"A bird wearing a fedora hat sits in nest atop a branch, playing a guitar with a microphone on a stand in front of it, appearing as a musician. Below, two people stand on the ground with binoculars, looking up at the peculiar scene. One of the birdwatchers is speaking.","I can usually identify a bird by the song, but I think he’s doing a cover.",Remember when he was just a humming bird?,A group of them is called a band.
711,https://nextml.github.io/caption-contest-data/cartoons/711.jpg,"In a living room, a woman sits on a couch, covering her face in distress as a baseball game unfolds around her. A batter, catcher, and pitcher, all in full baseball gear, are positioned as if in the middle of a game. A cat peeks out from behind the catcher. The room is furnished with curtains, a lamp, and a framed picture on the wall. The woman is speaking.",All his pitches have been inside.,"Seriously, you wouldn’t believe my seats.",I have to hang up. I’m on deck.
712,https://nextml.github.io/caption-contest-data/cartoons/712.jpg,"In a modern office setting, a dinosaur-like creature sits behind a desk, talking to a lizard-like creature seated across from it. The dinosaur has a laptop and papers on the desk, and both creatures appear to be smiling, engaged in a business conversation. Through the large window behind them, a meteor is seen hurtling towards the cityscape outside. The dinosaur is speaking.",Tell me about a time you identified a problem that others didn’t see coming.,"I don’t know about you, but I can’t wait for this day to end.",One last thing ...
713,https://nextml.github.io/caption-contest-data/cartoons/713.jpg,"In a mechanic's garage, a car with its hood open reveals a group of clowns and a businessman packed tightly inside the engine compartment. A mechanic another clown stand outside the car, looking at the scene. Another car is visible on a lift in the background. The mechanic is speaking.",I found something serious under the hood.,Who’s the clown in the suit?,Looks like one of them has bad timing.
714,https://nextml.github.io/caption-contest-data/cartoons/714.jpg,"A man and a woman are in a swimming pool, passing with a large beach ball between them. A cat is sitting on top of the beach ball, looking displeased. There are wine glasses on the edge of the pool and a bottle of wine on a nearby table. The setting appears to be a patio with potted plants in the background. The woman is speaking with a smile.",You’re right. It is easier with the ball.,He just loves finding new ways to be indifferent.,"Remember, whoever drops him gets to dry him off."
715,https://nextml.github.io/caption-contest-data/cartoons/715.jpg,"In a bar, a bartender is pouring a drink for a customer who is an anthropomorphic egg with a bandaged head, cracks, and a band-aid on its face. The egg is sitting on a barstool, looking distressed, and holding an ice pack to its head. The bar has shelves filled with bottles in the background. The egg, wearing a suit, is speaking.",And then I find out all the king’s horses and all the king’s men are out-of-network.,It’s never over easy.,"No, actually I fell off the wagon."
716,https://nextml.github.io/caption-contest-data/cartoons/716.jpg,"A man and a woman stand in a kitchen that is heavily fortified with chains, locks, and bear traps. The refrigerator, cabinets, and even the light fixture are all secured with multiple chains and padlocks. The floor is littered with bear traps and spikes, creating an absurdly over-the-top security setup. The couple looks pleased as they observe the extreme measures taken to secure the kitchen. The woman is speaking.",He could have just written his name on his yogurt.,Do you think we should add a password?,Damn. Now I’m kinda hungry.
717,https://nextml.github.io/caption-contest-data/cartoons/717.jpg,"In a modern living room with abstract art on the walls and a cityscape visible through the window, a giraffe's head emerges from a hole in the floor. A couple sitting on a couch next to the giraffe look surprised and bewildered. The man is speaking.","I know it’s not an elephant, but we still need to talk about it.","Well, who ever reads the entire lease?",But they don’t allow dogs?
718,https://nextml.github.io/caption-contest-data/cartoons/718.jpg,"In a rustic, fenced-in area under a cloudy sky, a cowboy with a tall hat stands facing a horse. The cartoon is black and white, but the horse is wearing colorful sneakers on all four hooves—two pink and two blue. The horse appears to be speaking to the cowboy.",I don’t need your approval. I just need you to tie the laces.,I don’t think ‘dressage’ means what you think it means.,"Because they don’t need to be nailed to my feet, that’s why."
719,https://nextml.github.io/caption-contest-data/cartoons/719.jpg,"Three people stand on a sidewalk, looking at a building unit that is a giant stack of washing machines. One a woman, possibly a building manager or real estate agent, holding a clipboard, is explaining something with a smile to the other two, a couple, who look surprised.","Between you and me, the owner can’t unload this fast enough.",You pay rent quarterly.,"And, for your convenience, there’s an apartment within walking distance."
720,https://nextml.github.io/caption-contest-data/cartoons/720.jpg,"A man tattered clothing is struggling to push a massive boulder uphill like the Greek myth of Sisyphus. On the side of the hill, a modern woman in a sleek dress is casually sitting at a table with a bowl of snacks and a glass of wine, watching the caveman, speaking to hum.",Do you struggle endlessly through here often?,You think that’s punishment? Try an eternity of listening to pickup lines.,"Sorry, I said hold the rocks."
721,https://nextml.github.io/caption-contest-data/cartoons/721.jpg,"In a fenced playground, a child is kneeling in a sandbox, happily building a giant sandcastle tower. Another child is peering out from a window near the top of the tower, looking down at the builder. The scene humorously mimics a fairy tale rescue scenario.",I’m starting to regret that haircut.,This is why nobody likes to play with you.,How’s that door coming along?
722,https://nextml.github.io/caption-contest-data/cartoons/722.jpg,"A colossal grand piano has crashed through the roof of a house, causing extensive damage and leaving debris scattered everywhere. Two people stand on the sidewalk, looking at the destruction in disbelief. The mailbox is knocked over, and the house is in shambles. One onlooker is speaking.","The piano's in tune, but the house is a little flat.","'Amazon drone delivery,' you said. 'It’s so convenient,' you said.","In 2019, I would have been both confused and alarmed by this."
723,https://nextml.github.io/caption-contest-data/cartoons/723.jpg,"In a recording studio, a band of anthropomorphic animals is performing. A dog plays the keyboard, a cat and dog play guitars, another cat sings into a microphone, and a fish in a tank has a trumpet. Two human sound engineers are in the control room, observing the performance through a window. One engineer is speaking to the other.","We should be able to finish the album today, as long as no one rings the doorbell.",Less woofer?,That’s perfect. Get out the treats.
724,https://nextml.github.io/caption-contest-data/cartoons/724.jpg,"In a bookstore, a woman sits behind a table with a sign that reads ""MEET THE AUTHOR 2 P.M."" She looks somewhat disinterested. In front of her, a long line of people waits, headed by a large, spiky dinosaur holding a book, eagerly awaiting an autograph. The dinosaur is speaking.","To Archaeopteryx, spelled just like it sounds.","I couldn’t put it down. In fact, I couldn’t pick it up.",I’m also a voracious reader.
725,https://nextml.github.io/caption-contest-data/cartoons/725.jpg,"In a grayscale cartoon set in a medieval landscape with a mountain and a distant village, a bearded man dressed in traditional medieval attire and a feathered hat holds a crossbow. He stands under a tree, looking somewhat perplexed. Opposite him, a child with a bowl haircut, wearing overalls and a shirt, leans against another tree. The child has a cherry on top of their head instead of the typical apple. The child is speaking.","I’m just saying, after this haircut, it’s difficult to trust you.",I now see why you only get me every other weekend.,"You know, pumpkins are in season, too."
726,https://nextml.github.io/caption-contest-data/cartoons/726.jpg,"A woman lounging in a chair outdoors is being lifted by a pair of giant mosquitos, while a man in another chair looks on in shock. The scene is set under a tree, and the woman's sandal has fallen off. The mosquito's enormous size and the woman's alarmed expression add an absurd and uncanny element to the cartoon. The man is speaking.","To be fair, Martha, you did just kill one of their kids.","It’s odd, you know. They never seem to bother me.","If you ignore them, they go away."
727,https://nextml.github.io/caption-contest-data/cartoons/727.jpg,"A real estate agent is showing a couple an empty room with a window that looks out into outer space, complete with planets and stars. The agent is gesturing enthusiastically, while the couple looks surprised and slightly bewildered.",It’s the closest you’ll get to Manhattan in your price range.,Keep in mind the neighborhood is expanding.,"And, if you open the window, the view will take your breath away."
728,https://nextml.github.io/caption-contest-data/cartoons/728.jpg,"A man in sunglasses and swim trunks lounges on a desert island under a palm tree, holding a coconut drink with a straw and umbrella. He appears relaxed and carefree. Standing nearby is a disheveled man with torn clothes, holding a briefcase and looking exhausted and bewildered. The lounging man is speaking.",Thank you for agreeing to meet remotely.,"Relax, take off your shoe.",All my co-workers think this is just a virtual Zoom background.
729,https://nextml.github.io/caption-contest-data/cartoons/729.jpg,"In a grand medieval throne room, two royals wearing crowns are lounging in a hammock suspended on a raised platform where a throne would typically be. The room is adorned with royal crests and medieval weapons on the walls. A guard stands at the entrance, holding a halberd and observing the scene. The royals appear to be in a relaxed conversation.","We can’t be overthrown, but we can be swayed.",We’ll show those Ottomans.,How long can we maintain this balance of power?
730,https://nextml.github.io/caption-contest-data/cartoons/730.jpg,"In a laboratory setting, a scientist with the head of a mouse and wearing a lab coat is holding a clipboard and conversing with a human scientist, also in a lab coat, who is holding a clipboard. The lab is equipped with various scientific apparatus, including a microscope, test tubes, and flasks. The mouse-headed scientist appears to be listening attentively to the woman, who is speaking.","And, when you get hungry, the cafeteria is to your right, left, left, right, left, straight, right, straight, left, and then you push on the big lever.",They tell me your family has been doing lab work for generations.,I bet you also had to be twice as smart as the men.
731,https://nextml.github.io/caption-contest-data/cartoons/731.jpg,"In a minimalist therapist’s office with a bed and a small window with potted plants, a woman is digging a hole in the floor with a shovel. Nearby, the therapist sits in an armchair, attentively taking notes on a clipboard. The therapist is speaking to the woman, who looks back at him.","During next week’s session, we’ll have you paint yourself into a corner.","No, by all means—I want to see where you’re going with this.","Welcome to Canada—we’ve been expecting you, have a seat."
732,https://nextml.github.io/caption-contest-data/cartoons/732.jpg,"In a courtroom setting, a teddy bear is seated in the witness stand, with a microphone in front of it. A woman stands nearby holding a document, looking at the teddy bear. The judge, seated at the bench with a gavel and microphone, appears to be listening attentively.",Where were you between the hours of beddy-bye and nighty-night?,The defense can’t rest without this witness.,We demand blanket immunity.
733,https://nextml.github.io/caption-contest-data/cartoons/733.jpg,"In a pastoral landscape, a large group of sheep stands in a field, all with their arms on their hips and looking angrily at a pair of wolves dressed in suits in the corner. The wolves are discussing something privately, one crossing its arms. ","""It seems you promised them herd immunity, sir.""","""Every time we attempt a recount, we fall asleep.""","""They found out we've been fleecing them."""
734,https://nextml.github.io/caption-contest-data/cartoons/734.jpg,"In a dimly lit bathroom, a man in a suit is tied up with rope, submerged in a cement bucket up to his knees. However, the bucket is in a bathtub filled with water, and the shower is on with the curtain partially drawn. A tough-looking man in a trench coat and fedora, smoking a cigarette, stands outside the tub, observing the scene with a stern expression. The atmosphere is tense and mysterious, reminiscent of a noir film. The tough-looking man is speaking.","Stop fighting it, kid—everyone eventually sings in the shower.","Are you gonna talk, or am I gonna have to flush the toilet again?",I don’t have to. Your neighbor downstairs is going to kill you.
735,https://nextml.github.io/caption-contest-data/cartoons/735.jpg,"A man in a tuxedo looks at a three-tiered wedding cake with a surprised expression. The cake has a face on the bottom tier, and a bride and groom figurine on the top tier. The cake appears to be speaking.",I can keep it together during the ceremony. The reception is where I fall to pieces.,You are a lot bigger in person.,Great wedding—what’s for dessert?
736,https://nextml.github.io/caption-contest-data/cartoons/736.jpg,"Two dinosaurs are standing in a prehistoric landscape. It is a greyscale cartoon, but one of the dinosaurs is wearing a colorful propeller hat, which is spinning. The other dinosaur looks at the hat-wearing dinosaur with a surprised expression. In the background, there are some distant hills. The surprised dinosaur is speaking.",Your meal came with a toy?,Evolve already.,"If that’s a courtship display, I think I know how we go extinct."
737,https://nextml.github.io/caption-contest-data/cartoons/737.jpg,"A young man in a hat is climbing a giant beanstalk that reaches up into the clouds. Above the clouds, a business meeting is taking place with six people seated around a conference table, one of whom is standing and presenting a graph with an upward trend. The beanstalk climber looks surprised and curious as he peeks over the edge of the cloud, observing the meeting. A bald man sitting at the head of the table is speaking.",I thought you said the cloud was secure.,Keep climbing—you’ve only reached middle management.,Growth has exceeded our projections.
738,https://nextml.github.io/caption-contest-data/cartoons/738.jpg,"A man holding a rake stands in a yard, looking up at a UFO hovering above. The UFO is beaming up a pile of leaves, which are floating up in a stream of light. Two aliens are visible inside the UFO, observing the scene. The yard is surrounded by a fence and has several leafless trees. One alien is speaking to the other.",Can’t wait to see the look on his face when we put these back on the tree.,"As long as we’re up here, we should do the gutters.",A friendly gesture can make first contact go a lot better.
739,https://nextml.github.io/caption-contest-data/cartoons/739.jpg,"A man is standing between a grumpy-looking child on his left and a dog dressed in a suit, or child’s button-up, on his right. The man is holding hands with both the child and the dog, who is standing on its hind legs. The child appears upset, while the dog looks content. The man is joyfully speaking to the grumpy boy.","Once tax season is over, you can go back to being the only child.","When you’re best in show, you can have nice clothes, too.",He said you ate his homework.
740,https://nextml.github.io/caption-contest-data/cartoons/740.jpg,"In a china shop filled with delicate plates, teapots, and vases, a large bull stands behind the counter, carefully examining a piece of china. A woman in a coat stands in front of the counter, while two people a man worker and a woman, look on. The worker is speaking to the woman.",You were right—putting him on commission changed his attitude.,He doesn’t charge as much as he used to.,Now he breaks stereotypes instead.
741,https://nextml.github.io/caption-contest-data/cartoons/741.jpg,"A couple stands on a hilltop, each holding a glass of wine, gazing at the night sky. The moon, unusually, has a large, winking face with a smile, adding an absurd and whimsical touch to the serene scene. The couple appears to be in awe or surprise at the sight. The man is speaking.",I think it’s just a phase.,Remind me to close the curtains tonight.,"""Wow, it's a rare full-of-himself moon."""
742,https://nextml.github.io/caption-contest-data/cartoons/742.jpg,"In an art gallery, a man in a chef’s hat and casual clothes is grilling food on a barbecue grill, with condiments and utensils on a small table beside him. A child stands nearby holding a plate with an open bun. In the background, a man in a suit with a badge appears to be Angrily yelling at them. Other visitors are observing the artwork on the walls, seemingly unfazed by the grilling setup.",That’s a rare medium. Well done.,"Fine, but no flash photography.",I could’ve made that!
743,https://nextml.github.io/caption-contest-data/cartoons/743.jpg,"In a living room, a man appears to be getting eaten by a mounted lion’s head in the wall, struggling with his head and arm in its mouth. A woman holding a wine glass stands nearby, looking surprised. The room is cozy with a couch, a lamp, and a window showing a cityscape outside.",Still not level.,"Yes, it does look more realistic that way.",Maybe it would go better in the den.
744,https://nextml.github.io/caption-contest-data/cartoons/744.jpg,"Two dogs, each wearing a cone around their necks, face each other. One dog looks at the other with a curious expression while the other dog, with his cone on backwards, is speaking.",I could never pull that off.,"""You should see how my owner wears his mask.""","""He said I had to wear it. He didn't say how."""
745,https://nextml.github.io/caption-contest-data/cartoons/745.jpg,"In a cityscape, a colossal snail towers over the buildings, its massive shell dwarfing the surrounding structures. A perplexed scientist and a police officer with binoculars stand in the foreground, observing the giant creature. The street below is in disarray, with crushed cars and debris scattered around, indicating the snail's destructive path. The scene is both surreal and chaotic, blending the mundane with the extraordinary. The scientist is speaking to the police officer.",I told you we should have salted the roads.,"Quick, stroll for cover.","If you turn the binoculars around, the problem pretty much goes away."
746,https://nextml.github.io/caption-contest-data/cartoons/746.jpg,"In a prehistoric setting, a caveman couple are interacting. The man stands at the top of a tall, precarious staircase made of large stones, while the woman stands at the bottom with hands on hips, looking up. The landscape is barren with a couple of distant trees and clouds. The woman is speaking.",So that’s where all the furniture went.,Don’t make me come up there.,Just as I thought. There’s nothing going on upstairs.
747,https://nextml.github.io/caption-contest-data/cartoons/747.jpg,"Two women are sitting outside on chairs in a backyard with a fence, bushes, and a house in the background, looking up in surprise at a man who is waving from a parallel, upside-down yard with an upside-down house and fence on the top right of the image. One woman is speaking to the other.",I’m always afraid he will drop in unexpectedly.,"We don’t discuss politics, religion, or gravity.",I just hope they don’t put in a pool.
748,https://nextml.github.io/caption-contest-data/cartoons/748.jpg,"Two chefs in full uniform, including tall hats, stand inside what appears to be a giant sprawling ribcage with a spine going as far as the eye can see . One chef holds a spatula, while the other holds a frying pan. They both have distressed expressions. One chef is speaking to the other.",Not the return to inside dining I was expecting.,I guess it’s just us for dinner.,I don’t like to cook in an empty stomach.
750,https://nextml.github.io/caption-contest-data/cartoons/750.jpg,"Two shaggy dogs are standing in a field behind a group of sheep. The dogs and sheep have similar fluffy appearances, making it difficult to distinguish between them. The dog on the right is speaking to the other dog.","Every night, when I try to sleep, I can’t stop thinking about work.",Half the flock is still grazing remotely.,I think I see the one who’s going to be a problem.
752,https://nextml.github.io/caption-contest-data/cartoons/752.jpg,"Two people with in coats carrying books are walking through a group of animated books with arms, legs, and faces, who stand intimidatingly around the couple. One of the people is nervously speaking to the other.",The classics can be so intimidating.,I wish the library would just go back to charging late fees.,"Normally, I like when books come to life."
753,https://nextml.github.io/caption-contest-data/cartoons/753.jpg,"In a grocery store aisle, a man resembling Captain Ahab from Moby Dick, complete with a long coat, hat, and peg leg, pushes a shopping cart while holding a bag of chips, looking back. Next to him, a massive whale, standing upright and also pushing a shopping cart, looks ahead. Captain Ahab is speaking.","Oh, hey, I almost didn’t recognize you outside of work.",Hit me again with your cart and I’ll hunt you down until the day I die.,"Yeah, well, these are my obsession now."
754,https://nextml.github.io/caption-contest-data/cartoons/754.jpg,"Two firefighters in full gear stand in front of two fire poles going into holes in the ground. One hole is round, but the other, curiously, is square. One firefighter is speaking to the other behind him.",Since when did the pizza delivery guy get his own pole?,Is the fire in Times Square or Columbus Circle?,"Apparently, the one you use says a lot about your personality."
755,https://nextml.github.io/caption-contest-data/cartoons/755.jpg,"In a cave setting, a modern woman sits at a table with a coffee cup, while a caveman stands nearby, looking at her. The cave is sparsely decorated with a single hanging light fixture and a large rock in the background. The caveman is speaking.","If you’re so civilized, why don’t you use a coaster?",I can evolve.,I just can’t get past the difference in our ages.
756,https://nextml.github.io/caption-contest-data/cartoons/756.jpg,"In a psychiatrist's office, a chameleon is lying on a couch with a floral pattern, its skin perfectly mimicking the couch's design. The psychiatrist, an older man with glasses and a bow tie, is sitting in a chair, taking notes on a clipboard. The room has two framed certificates on the wall and a box of tissues on the table. The chameleon appears to be in the middle of a therapy session.","So, you’re saying you didn’t miss your last two appointments?",Hmm. I’m beginning to see a pattern.,Let’s see how you feel on the curtains.
757,https://nextml.github.io/caption-contest-data/cartoons/757.jpg,"A couple is having a picnic on a blanket in a park, with a loaf of bread and some cheese in front of them. Other people are also relaxing in the background. The sky is filled with ominous, dark clouds that have angry, menacing faces and fists, creating a stark contrast to the peaceful scene below. The man in the couple is speaking to the woman, who looks shocked as she gazes at the sky.","Don’t worry, it’s just a front.",I think the weather’s turning on us.,"Apparently, climate change is getting more serious."
758,https://nextml.github.io/caption-contest-data/cartoons/758.jpg,"In a bustling city street scene during Covid, pedestrians wearing face masks walk past a peculiar setup: a woman sitting at a desk at the foot of stairs on the sidewalk, surrounded by papers and a coffee mug, seemingly conducting business or an office meeting. Meanwhile, a person in pajamas stands at the door atop the stairs, observing the unusual outdoor office. The scene is framed by trees and typical urban architecture, with a small car parked on the street. The woman at the desk is speaking to the person at the door.","Honey, can you close the door? I’m in a meeting.",Our company is going public.,I’m working my way to a nice corner office.
759,https://nextml.github.io/caption-contest-data/cartoons/759.jpg,"In an underwater scene, a live fish is swimming and looking at a mounted fish on a wooden plaque, which is also underwater. The mounted fish is speaking, with bubbles coming out of its mouth, visibly upset. In the background, there are schools of smaller fish swimming, and the seabed is dotted with coral and seaweed.",They call it kitsch and release.,I guess it could be worse. Larry got breaded and fried.,I’m a throwback.
760,https://nextml.github.io/caption-contest-data/cartoons/760.jpg,"In a dimly lit restaurant, a couple sits at a table looking displeased. A waiter stands next to them speaking, appearing apologetic. Another waiter in the background is dragging a large trash can through the dining area. ",It’s curb to table.,"I’m sorry, sir, but we do reserve the right to serve refuse to anyone.",Define fresh.
761,https://nextml.github.io/caption-contest-data/cartoons/761.jpg,"In this cartoon, the Grim Reaper, dressed in a dark hooded robe and holding a scythe, is offering a tray of lemons to a man with glasses, who is reaching out to take them. A woman stands nearby, observing the scene with a puzzled expression. The setting appears to be an outdoor park or garden. The man is speaking.",He says making lemonade is not an option.,They can’t be any worse than the ones life gave us.,I do love a good twist.
762,https://nextml.github.io/caption-contest-data/cartoons/762.jpg,"A tortoise and a mouse holding a clipboard are having a conversation in front of three hamster wheels, each occupied by a running hamster. The tortoise appears to be listening attentively to the mouse.",We’re really looking for someone with more lab experience.,Do you have any experience working in a fast-paced environment?,You will still get nowhere—it will just take longer.
763,https://nextml.github.io/caption-contest-data/cartoons/763.jpg,"In a greyscale cartoon, a giant hot dog in color on wheels is parked at a gas station, with a side panel flipped up. The hot dog has a door and windshield. A mechanic holding a clipboard appears to be explaining something to a woman. The gas station has a typical setup with fuel pumps and a convenience store in the background.","So, when did the ‘check mustard’ light come on?",You can use the loaner corn dog while you wait. Can you drive a stick?,"Yeah, they’re great cars, but you don’t want to see how they get made."
764,https://nextml.github.io/caption-contest-data/cartoons/764.jpg,"A hiker with a backpack and a rolled-up sleeping mat is climbing towards a cave entrance high in the mountains. Inside the cave, there is a fishbowl with a fish swimming in it. The hiker looks surprised or intrigued by the sight. The fish is speaking tot the hiker.",I hope you’ve come to change the water.,The key to happiness? A three-second memory span.,"If I had the answers, you think I’d be in this bowl?"
765,https://nextml.github.io/caption-contest-data/cartoons/765.jpg,"A polar bear sits on a small, melting ice floe in the middle of the ocean, looking towards a disheveled bearded man who is stranded on a tiny desert island with a single palm tree. The man, wearing a striped shirt and shorts, stands barefoot on the island, gazing back at the polar bear. The scene is desolate, with a few fish skeletons scattered around the island. The man is speaking to the bear.",I know how you feel. This used to be Florida.,At least you get to travel.,Tell me you’ve already eaten.
766,https://nextml.github.io/caption-contest-data/cartoons/766.jpg,"A woman in a bathrobe stands in a room with a giant vacuum cleaner, its cord trailing across the floor. She looks towards a man in a bathrobe standing in the doorway, who appears angry. The room is sparsely furnished with a couch, a lamp, and a window showing a crescent moon, indicating it's nighttime. The angry neighbor is speaking.",I sent my wife up an hour ago about the noise. Have you seen her?,What a coincidence! I couldn’t sleep either!,Do you mind? I’m trying to play the drums downstairs.
767,https://nextml.github.io/caption-contest-data/cartoons/767.jpg,"A woman is balancing on a unicycle on top of a dining table while juggling a lit torch, a bowling ball, and a chainsaw. She appears focused on her juggling act. A man sits at the table, looking up at her with a calm expression, seemingly unfazed. The woman is speaking.","Now, if you'll just yank away the tablecloth.",I think I got the waiter's attention.,My last boyfriend died in a tragic dining accident.
768,https://nextml.github.io/caption-contest-data/cartoons/768.jpg,"In a whimsical scene set in a hilly, forested landscape, a large dragon and a princess in a medieval dress are intensely engaged in a game of ping pong. The dragon, with a focused expression, holds a paddle in its claw, while the princess, wearing a conical hat, prepares to return the ball. In the background, a knight on horseback, armed with a lance, approaches the scene, seemingly unnoticed by the players. The dragon is speaking.","""Winner gets the knight.""","""Fine, we can play doubles, but I’m not getting stuck with the horse again!""","""You know that, no matter which one of us wins, this won't be how he tells the story."""
769,https://nextml.github.io/caption-contest-data/cartoons/769.jpg,"In a bookstore, a man behind the counter is stacking books while a large, nonchalant alligator lies sprawled across the counter and stacks of books. Another man in a suit stands nearby, observing the scene with a calm expression. The man behind the counter is speaking.","""His favorite book is 'A Farewell to Arms,' so don't get too close.""","""Clyde here handles returns.""","""Go ahead, ask him anything. He's a voracious reader."""
770,https://nextml.github.io/caption-contest-data/cartoons/770.jpg,"Three people are hiking up a mountain trail. Two hikers are dressed in casual outdoor attire and using walking sticks. The third person, however, is dressed in a business suit, carrying a briefcase, and talking on a cell phone. One hiker looks back nervously, while the other is speaking.",I guess I misunderstood when you said your legal problems were behind you.,He’s a trail attorney.,My husband will never find out about us. He’s on a business trip.
771,https://nextml.github.io/caption-contest-data/cartoons/771.jpg,"A group of five people, all wearing headphones and using metal detectors, are searching around a living room around a couple seated on a couch. The couple looks confused, holding a remote control. The woman in the couple is speaking to the man.",Don’t worry about it—I wasn't going to say yes anyway.,"Honey, the remote is in your hand.","You looked under the cushions, right?"
772,https://nextml.github.io/caption-contest-data/cartoons/772.jpg,"In a kitchen at night, a man in a bathrobe stands in front of an open refrigerator, looking at his own ghostly, glowing doppelgänger who is floating horizontally in mid-air. The moon is visible through the window, and the kitchen is filled with typical items like a sink, a plant, and various containers. The ghost is speaking.",This isn’t what I meant when I said to go toward the light.,Turns out expiration dates do matter.,"Oh, go ahead, live a little."
773,https://nextml.github.io/caption-contest-data/cartoons/773.jpg,"An upside-down couple is seated at an upside-down table setting on the ceiling, complete with table cloth and cups. Water is falling from out of their cups, creating a puddle. The scene appears to be indoors with a window showing an upside-down cityscape in the background. The man in the couple is speaking.",We should’ve ordered our drinks straight up.,They forgot the little umbrellas.,These drinks go right to my head.
774,https://nextml.github.io/caption-contest-data/cartoons/774.jpg,"A woman in beach attire sits comfortably on a beach chair, reading a book and holding a pen, with a backpack and rolled-up towel beside her. She looks up at a drenched pirate who stands on the wet sand, dripping water and holding up a finger and speaking. The pirate is dressed in traditional attire, complete with a feathered hat, and appears to have just emerged from the sea. The beach is deserted, with cliffs and trees in the background.","By any chance, are you sitting on a large X?",Did you get my bottle?,I’d like to report a mutiny.
775,https://nextml.github.io/caption-contest-data/cartoons/775.jpg,"Three dinosaurs are playing in a rock band in a prehistoric landscape with volcanoes in the background. One dinosaur is playing a guitar, another is on drums, and the third is on a keyboard. Above them, a large meteor is hurtling towards the earth. The dinosaur with the guitar is speaking.",Can’t believe we’re opening for Genesis.,Face it. It’ll be millions of years before we’re discovered.,They’ll never know what we used our tiny arms for.
776,https://nextml.github.io/caption-contest-data/cartoons/776.jpg,"A mechanic in overalls labeled ""MATT'S GARAGE"" is working on a car elevated on a lift in the middle of a living room. The room is furnished with sofas, a coffee table, lamps, and paintings on the wall. Two women are sitting on the couch, having a conversation and drinking tea, seemingly unfazed by the car repair happening in their living space. Tools and car parts are scattered around the mechanic.",Most people only have roadside assistance.,"He hasn’t proposed yet, but he did give me a written estimate.",I said I wanted it out of the yard.
777,https://nextml.github.io/caption-contest-data/cartoons/777.jpg,"In front of a suburban house, a man in a naval officer's uniform is running a yard sale. Various typical yard sale items like chairs, a bicycle, and a television are displayed. However, the most striking item is a massive submarine parked on the lawn, towering over the house. A potential buyer, dressed casually, is pointing at the submarine while conversing with the officer. The officer is speaking.",It works fine—we’re just no longer a nuclear family.,"Yeah, and you never took a pen home from the office?",A minivan just makes more sense for us right now.
778,https://nextml.github.io/caption-contest-data/cartoons/778.jpg,"A man stands in front of a bulletin board, intensely studying two framed pictures: one of a chicken and the other of an egg. The board is covered with various notes and connecting lines, resembling a detective's investigation board. To the right, two people in business attire, wearing name tags, are engaged in a conversation.","""Don't sell him short. He did solve that crossing-the-road thing.""","""We can't seem to establish a timeline of events.""","""The cold-case squad says the picture on the left is what our killer might look like today."""
779,https://nextml.github.io/caption-contest-data/cartoons/779.jpg,"A man with glasses and a blank expression stands next to a table, looking at a fishbowl. Inside the fishbowl, instead of a fish, there is a small dog sitting and looking up. The dog is speaking.","Technically, the fish is still in the bowl.","At first, I just wanted a sip of water. Then things got out of hand.",I want to speak with my lawyer.
780,https://nextml.github.io/caption-contest-data/cartoons/780.jpg,"In a modern office setting, two men stand near a water cooler, one of them gesturing while explaining something. Nearby, a third man is partially submerged in a puddle on the floor, with papers scattered around him, looking bewildered and trying to pull himself out.","Apparently, I was mistaken. He’s not in over his head.",He was skating on thin ice for some time.,How soon can you start?
781,https://nextml.github.io/caption-contest-data/cartoons/781.jpg,"In a crowded room during a social gathering, a large cannon is prominently displayed in the center, with a woman emerging from its barrel. A man holding a wine glass stands nearby, speaking to the woman with a surprised expression. The floor around the cannon is cracked, indicating the cannon's heavy impact. Other guests are mingling in the background, seemingly unaware of the unusual scene.",I so rarely meet a person of your calibre.,Please text me to let me know you got home O.K.,Will I see you again?
782,https://nextml.github.io/caption-contest-data/cartoons/782.jpg,"A woman stands on a sidewalk looking mildly displeased as two mimes in classic striped shirts and berets aggressively perform exaggerated gestures in her face. One mime is pretending to be trapped in an invisible box, while the other is mimicking wiping tears from her face. A man stands nearby, observing the scene with a neutral expression. The setting is a simple urban street with a brick wall and a fire hydrant. The woman is speaking.",Just pretend to give them your wallet.,You had to insist on a quiet neighborhood.,"No, it is not better than being broken up with in a text."
783,https://nextml.github.io/caption-contest-data/cartoons/783.jpg,"In a therapist’s office setting with a cityscape view, a man in a suit sits in an armchair, speaking to a giant piece of broccoli with a human-like body reclining on a couch. The broccoli appears to be in a therapy session.",And how did being left on the plate make you feel?,Maybe it’s time for you to stop being so good for everyone else and just be good for yourself.,"So, tell me, do you get steamed easily?"
784,https://nextml.github.io/caption-contest-data/cartoons/784.jpg,"A man in a suit sits in an armchair, reading a book with a perplexed expression. Behind him, a large snake emerges from a shield mounted on the wall, curling around the chair and speaking to him. The room is furnished with a fireplace, logs, candles.",Mind if I read over your shoulder? I have trouble turning pages.,"Stuffed? No, actually I’m quite famished.",I also love to unwind.
785,https://nextml.github.io/caption-contest-data/cartoons/785.jpg,"In a Wild West scene, a cowboy on horseback approaches a saloon. Unusually, next to the horse tied up outside the saloon, there is a grand piano also tied up as if it were another horse. The cowboy looks towards the piano with a puzzled expression.",Looks like somebody needs to be taught a lesson.,"Come out with your hands up, wrists straight, fingers gently curved!",I thought this was an upright establishment.
786,https://nextml.github.io/caption-contest-data/cartoons/786.jpg,"In a high-rise office with a cityscape view, a man in a suit in a suit sits at a desk, holding a piece of paper and speaking to a man nervously seated across to the left of him. To the right of the man in the suit, a dog sits attentively on a chair, as if participating in the meeting. The man in the suit appears to be representing the dog, either as a lawyer or in a deal. The man in the suit is speaking to the other man.",My client is prepared to walk.,"He’ll negotiate, but he won’t beg.","He may be your best friend, but I am his lawyer."
787,https://nextml.github.io/caption-contest-data/cartoons/787.jpg,"In a bedroom, a woman is packing clothes into a suitcase while a man stands nearby holding a large club. The man is packing a giant stone wheel and a small campfire into his suitcase. The scene is set in a cozy, domestic environment with a dresser, bed, and framed pictures on the wall. The man appears to be speaking.",These should help me approach your father on his own level.,I’ve been packed for ages.,"If we forget anything, we can just invent it when we get there."
788,https://nextml.github.io/caption-contest-data/cartoons/788.jpg,"A person in a spacesuit stands in front of a full-length mirror in a tailor shop, with the word ""TAILOR"" visible in reverse on the window behind them. Next to the spacesuit-clad individual is a tailor, dressed in a suit and holding a measuring tape, who appears to be speaking.","""Ideal for parties with no atmosphere.""","""You're my fifth middle-school teacher this week.""","""I love that people are getting dressed up to fly again."""
789,https://nextml.github.io/caption-contest-data/cartoons/789.jpg,"In a living room, a man with large, detailed butterfly wings is hovering in mid-air, listening to a woman who is sitting on a couch, speaking to him with a surprised expression. The room has a staircase in the background and some framed pictures on the walls.",Do you have to come in here every time I turn on the light?,You know I can’t stand it when you hover.,You’re not the caterpillar I married.
790,https://nextml.github.io/caption-contest-data/cartoons/790.jpg,"A man in a suit is driving a bumper car on a regular road, looking confused and worried. Next to him, a woman driving a large pickup truck with a dog in the passenger seat is glancing at him with a surprised expression. The man in the bumper car is speaking, distressed.",The dealer said it scored high in crash tests.,I wanted a car that would make me feel young again.,My other car is a teacup.
791,https://nextml.github.io/caption-contest-data/cartoons/791.jpg,"Two dogs stand in front of an exaggeratedly tall giant doghouse that resembles a cathedral. The dog on the right is inside the doghouse, while the dog on the left is outside. The scene is set against a backdrop of a cityscape with buildings and bushes. The dog inside is speaking to the other.",It’s got an indoor tree.,Don’t you ever feel like they wanted a bigger dog?,I'm part Great Dane.
792,https://nextml.github.io/caption-contest-data/cartoons/792.jpg,"Two castaways in tattered clothes are stranded on a small deserted island with a grand piano. One is standing and reading from some reading a page, possibly sheet music, while the other sits at the piano. The ground is littered with empty bottles and more pages. Palm trees and bushes are in the background, and the island is surrounded by water. The man standing is speaking.","So far, it looks like no one is coming to the recital.",Most fans sympathize with our decision to eat the cellist.,"O.K., we have a catchy theme song. Now let’s work on food and shelter."
793,https://nextml.github.io/caption-contest-data/cartoons/793.jpg,"A large bear stands at a checkout counter, looking at the cashier who is placing a fish into a paper bag. The bear is speaking, while the cashier appears unfazed.",No bag. Just toss it in the air.	,"I thought you should know, someone left a big mess in the honey aisle.",It’s an appetizer. I’m having people for dinner tonight.
794,https://nextml.github.io/caption-contest-data/cartoons/794.jpg,"A group of aliens with large heads and black eyes, dressed in identical outfits and holding ray guns, are marching out of a spaceship. They are followed by a man in a suit carrying a briefcase. Two astonished onlookers, a man and a woman, stand nearby, watching the scene unfold. The setting appears to be a park with trees and buildings in the background. The onlooking woman is speaking.","Oh, no! They’re returning him.","I was expecting the invasion, but not the audit.",I think they want to settle.
795,https://nextml.github.io/caption-contest-data/cartoons/795.jpg,"A waiter in a formal outfit is serving a dish to a praying mantis sitting at a table. The dish, revealed under a cloche, contains a cooked praying mantis head with vegetables on the side. The praying mantis looks eagerly at the meal, while the waiter presents it with a professional demeanor. A glass of wine is also on the table. The waiter is speaking.",From the gentleman at the bar.,"Shall I serve your husband first, madame?",I believe you’re familiar with tonight’s entrée.
796,https://nextml.github.io/caption-contest-data/cartoons/796.jpg,"In an apartment room cluttered with bowling balls and pins scattered all over the floor, a woman holding a rolling pin faces a man holding two bowling balls. The scene suggests a chaotic and absurd situation, possibly a confrontation. The man is speaking.",Turns out they only check to see if you return the shoes.,The downstairs neighbors? What is it this time?,Or we could get a burglar alarm.
797,https://nextml.github.io/caption-contest-data/cartoons/797.jpg,"In a modern office setting, a person in full medieval knight armor sits at a desk, reading documents. A professionally dressed woman stands in front of the desk, holding a folder and a coffee cup, looking at the knight. I\The office has large windows with a cityscape view and framed pictures of castles on the walls.","We can all hear you snoring in there, Steve.",Your horse is in my parking spot again.,You clanked?
798,https://nextml.github.io/caption-contest-data/cartoons/798.jpg,"A person is fixing a car on a dark, deserted mountain road under a full moon. Nearby, a large, menacing bear-like creature with sharp teeth and glowing eyes lurks behind a rock, watching the person intently. The scene is eerie and suspenseful, with the creature appearing ready to pounce. The creature is speaking with a smile.","Don’t worry, you'll be running in no time.",That’s gonna cost you an arm and a leg.,"Good news, your car troubles are over."
799,https://nextml.github.io/caption-contest-data/cartoons/799.jpg,"A man and a cat are sitting on a couch, each holding a glass of wine. The man, dressed in casual clothes, appears to be engaged in conversation with the cat, which is sitting upright like a human. The man is speaking, smiling.","I thought you’d like to try it, instead of just knocking it off the counter.",I hope it pairs well with whatever you dragged in.,Are you ignoring anyone else?
800,https://nextml.github.io/caption-contest-data/cartoons/800.jpg,"In a bustling baseball stadium, an invisible player stands on the field, with his helmet floating above where his head should be. His glove is also floating beside his body, and a bat is propped up next to him. Two coaches in the dugout are watching the scene, seemingly in conversation. The crowd in the background is filled with enthusiastic fans holding signs and cheering. One coach is speaking to the other with a smile.",Now they’ll never know who’s on first.,How did they find this guy?,I don’t think you understand fantasy baseball.
801,https://nextml.github.io/caption-contest-data/cartoons/801.jpg,"A man enthusiastically leans over a chessboard, making a move while playing against the Grim Reaper. The Grim Reaper, cloaked in dark robes, has skeletal hands and appears to be contemplating the man’s move. The man is looking up at the Grim Reaper and speaking.",I thought you’d be better at the endgame.,"You can take my soul, but not before I take your queen.",I’ll remember this for the rest of my life.
802,https://nextml.github.io/caption-contest-data/cartoons/802.jpg,"Six construction workers are sitting on a steel beam high above a city, reminiscent of the famous ""Lunch atop a Skyscraper"" photo. A pizza delivery man, wearing a pizza-themed hat and shirt, is precariously standing on the beam, handing a pizza box to one of the workers. The delivery man is speaking.",We usually don’t deliver above Eighty-second Street.,"Actually, I’d rather you not tip me.",This pizza’s on me if you never order from us again.
803,https://nextml.github.io/caption-contest-data/cartoons/803.jpg,"In a greyscale cartoon, two men in suits stand in a car dealership lot, surrounded by various cars. One man is holding a clipboard and enthusiastically gesturing towards a small, toy-like bright red and yellow car, while the other man looks on with a skeptical expression, arms crossed. The scene is set under a canopy with decorative flags hanging above. The salesman is speaking.","O.K., I’ll grab some crayons and get started on the paperwork.",Your decision. I’m not going to push you.,"This one is great, but your kids will want to borrow it all the time."
804,https://nextml.github.io/caption-contest-data/cartoons/804.jpg,"A woman sits on a couch holding a glass of wine, looking at a man who is on all fours on the floor. On the man's back, a dog stands, and on the dog's back, a cat stands. At the top of this animal stack, a fishbowl with a fish inside is balanced on the cat's back. The stack appears to be wobbling, while the man speaks to the woman.",You really want to add a kid to all this?,"See, I do things around the house.",I don’t usually do this on a first date.
805,https://nextml.github.io/caption-contest-data/cartoons/805.jpg,"In a therapist's office, a colossal ape sits next to a woman on a couch across from the therapist. The ape is so large, its head is obscured, breaking through the ceiling. The therapist is explaining something to the woman and ape, seemingly unfazed by the enormous creature dominating the room.",I think he's been seeing the woman upstairs.,Let's end here. I know you have a plane to catch.,"He’s shown growth, but can he evolve?"
806,https://nextml.github.io/caption-contest-data/cartoons/806.jpg,"On a beach, a knight in full armor sits on a lifeguard chair holding a spear, while a modern lifeguard in a swimsuit and sunglasses sits on another lifeguard chair nearby. Between them is a large, elaborate sandcastle with a moat. The knight is speaking.",Don’t you hate it when sand gets in your suit?,Could you put polish on my back?,I'll cover the moat if you cover the ocean.
807,https://nextml.github.io/caption-contest-data/cartoons/807.jpg,"Two scientists in lab coats are observing a rat navigating a complex hedge maze made of corn plants. One scientist is holding a clipboard and appears to be making notes, while the other looks on. In the background, there are cages with various animals. The rat is at the entrance of the maze, seemingly starting its journey. The scientist with the clipboard is speaking.",The hardest part was teaching him to use the hedge trimmers.,The real scientific breakthrough was developing tiny corn.,It’s how we tell the city mice from the country mice.
808,https://nextml.github.io/caption-contest-data/cartoons/808.jpg,"In the vastness of outer space, two aliens in a classic flying saucer encounter another pair of aliens driving a floating RV. The scene is set against a backdrop of stars, with the aliens in the RV speaking to aliens in the saucer.",We thought we’d try a flying object they could identify.,We can comfortably abduct a family of four.,You miss so much at light speed.
809,https://nextml.github.io/caption-contest-data/cartoons/809.jpg,"Two hikers are struggling to carry a large house strapped to their backs as they traverse a mountain path. In the distance, two other hikers stand on a cliff, observing the scene. One hiker is speaking to the other.",Why don’t you ever leave the house?,Did we forget anything?,Thanks for helping me move.
810,https://nextml.github.io/caption-contest-data/cartoons/810.jpg,"A man stands outside an elevator, looking at another man inside the elevator who is accompanied by an elephant. The elevator is clearly overfilled with the elephant's large body taking up most of the space, and its eyes are visible above the man's head. The man inside the elevator is speaking, apparently nonchalant despite the absurd situation.","Actually, everybody wants to talk about it.",There’s a mouse on the stairs.,"No, it’s going down. Trust me."
811,https://nextml.github.io/caption-contest-data/cartoons/811.jpg,"Two whales are lounging on a beach, enjoying a sunny day. One whale is sipping a cocktail with a straw, while the other is wearing sunglasses and reading a book. In the background, a city skyline is visible. One whale is speaking to the other.","A few more years, and all this will be ours.",The key is to stay hydrated.,And you wanted to go to the mountains.
812,https://nextml.github.io/caption-contest-data/cartoons/812.jpg,"A human-shaped dog lies on a therapist's couch, looking distressed, while a human-shaped cat therapist in a suit sits nearby, holding a notepad and pen, attentively listening. The scene is set in a minimalist room. The dog is speaking.",You wouldn’t understand. I need people to like me.,This is the only place I'm allowed on the couch.,What happened to the mouse that came in before me?
813,https://nextml.github.io/caption-contest-data/cartoons/813.jpg,"A child dressed as Napoleon, complete with a hat and cape, rides a coin-operated horse ride outside a store. The ride costs 50 cents. The child is pointing forward dramatically, looking back at his mom. A woman, presumably the child's mother, stands nearby holding grocery bags and speaking at the child.",I will give you no quarter.,Look both ways before you cross the Alps.,"If we leave now, I’ll get you a treaty."
814,https://nextml.github.io/caption-contest-data/cartoons/814.jpg,"A man in a suit and tie, holding a briefcase, is using a tin can telephone. The string of the tin can telephone stretches out and winds through a series of hills, disappearing into the distance. The man appears to be listening intently and speaking.",I haven’t heard from you since we were kids!,I’m on my landline.,"""Try using a different can."""
815,https://nextml.github.io/caption-contest-data/cartoons/815.jpg,"In a restaurant, anthropomorphic vegetables are dining together at a table. A broccoli is eating a sandwich wit its elbows on the table, an asparagus is cutting into a steak, and a tomato is also eating a steak. In the background, a human couple is seated at another table with food and wine, seemingly observing the vegetable diners with disapproving or confused expressions. One human is speaking to the other.",Elbows on the table. Another reason I don’t like broccoli.,"On the other hand, wouldn’t it be weirder if they had ordered salad?","I’d eat like that, too, if I had no arteries."
816,https://nextml.github.io/caption-contest-data/cartoons/816.jpg,"A man with a brick wall for a head sits at a small round table, holding a cup of coffee. Across from him, a woman with a thoughtful expression also holds a cup of coffee. The scene suggests a conversation, but the man's head is a literal brick wall. The woman is speaking.",Do you mind if I bounce something off you?,I almost didn’t recognize you without the graffiti.,Can I offer you some constructive criticism?
817,https://nextml.github.io/caption-contest-data/cartoons/817.jpg,"In a nighttime forest setting, a camper is carrying a giant star that has fallen to the ground while another camper sits by a campfire near a tent with a book, remarking on the star.",You just don’t see stars like this in the city.,"If three wise, angry men come by, you haven’t seen me.",Stop asking for the moon.
818,https://nextml.github.io/caption-contest-data/cartoons/818.jpg,"A person sitting on a couch with a laptop and a cat beside them looks surprised as a full circus parade, including a unicyclist with an umbrella, a bear in a clown outfit carrying a handbag, jugglers, acrobats, a saxophone-playing clown, and various performing animals, marches through their living room. The baton-twirling leader in a top hat is speaking to the man on the couch.",Your downstairs neighbors sent us.,I told you I’ve been juggling a lot lately.,You need to get your act together.
819,https://nextml.github.io/caption-contest-data/cartoons/819.jpg,"A man with colorful patchwork pants stands on a cloud, looking up at a large, imposing figure seated behind a tall podium. The scene appears to be set in the afterlife, with the man seemingly awaiting judgment or a conversation with the figure. The contrast between the man's whimsical pants and the serious setting adds an element of absurdity. The man is speaking.","""I only knew about the moral code."""," ""Says the guy who's probably not even wearing pants.""","""O.K., I took two risks today."""
820,https://nextml.github.io/caption-contest-data/cartoons/820.jpg,"A psychologist sits at his desk, holding up a Rorschach inkblot test. Across from him, an anthropomorphic ink bottle with a worried expression sits in a chair, seemingly in a therapy session. The ink bottle is speaking.",It leaves me feeling empty.,I see a lot of myself in this one.,Leave my mother out of this.
821,https://nextml.github.io/caption-contest-data/cartoons/821.jpg,"Three eagles are perched on a tree. The eagle on the left has a distinctive pompadour hairstyle, while the two eagles on the right are engaged in a conversation, with one eagle speaking to the other. The scene is set against a backdrop of mountains and foliage.",You shoulda heard the mockingbirds this morning.,He looks ten years less endangered.,It’ll fly off when he does.
822,https://nextml.github.io/caption-contest-data/cartoons/822.jpg,"In a cozy bedroom at night, an alien with a large head and big eyes is sitting on a chair next to a bed, reading a book to a wide-eyed, nervous child who is tucked under the covers. The room is dimly lit by a bedside lamp, and a window shows a crescent moon in the night sky. The alien is speaking with a smile.","Goodnight, trees, goodnight, dirt. Goodnight, human race on the earth.","O.K., time to go to sleep. We’ve got a long trip ahead of us tomorrow.",Would you like me to read it or just implant it in your head?
823,https://nextml.github.io/caption-contest-data/cartoons/823.jpg,"A flight attendant dressed as a magician, complete with a top hat and magic wand, is demonstrating a trick for passengers seated on an airplane. The flight attendant is enthusiastic speaking and animated, with sparkles around the wand.",Think of a delay between one and ten hours.,"We’ve overbooked, so I am going to make six of you disappear.",Will you be having the rabbit or the dove?
824,https://nextml.github.io/caption-contest-data/cartoons/824.jpg,"In a dense jungle setting, two snakes face each other. The snake on the left appears to have eaten a large animal, whose ears, head, and back is perfectly outlined by the snake, who is sticking its tongue out. The other snake is speaking. The surrounding foliage is lush and thick, emphasizing the wild environment. ",Your stomach is growling.,You have something in your teeth.,I thought we were going to grab something together.
825,https://nextml.github.io/caption-contest-data/cartoons/825.jpg,"A group of people in business suits are seated around a conference table in a high-rise office, but all of them have carved pumpkin heads with sad expressions. The pumpkin head at the head of the table appears to be speaking with a smile, while the others listen. The scene outside the large window shows a cityscape with tall buildings.",Thanks for carving out a little face time.,"""Just remember, you can be empty-headed and orange and still succeed in America.""","""So where do you see yourselves three days from now?"""
826,https://nextml.github.io/caption-contest-data/cartoons/826.jpg,"In an operating room, three surgeons in scrubs and masks are gathered around a patient on the operating table. Above them hangs a large disco ball, and the room is filled with sparkling lights, creating a party-like atmosphere. One of the surgeons is gesturing with a gloved hand as if to be speaking, while the others look on. Medical equipment and monitors surround the scene, contrasting with the festive disco ball.",The patient has requested ‘Stayin’ Alive.',I'm detecting a beat.,He’s going to need more drugs.
827,https://nextml.github.io/caption-contest-data/cartoons/827.jpg,"In a subway car, a man in a business suit holding a briefcase sits next to a caveman wearing a tattered loincloth and holding a club. The businessman has a neutral expression, while the caveman appears to be speaking.",How do you kill your lunch with that thing?,You won't believe how long I've been waiting for this train.,I gave you the wheel and this is what you did with it?
828,https://nextml.github.io/caption-contest-data/cartoons/828.jpg,"A golfer stands on the green, with his putter in hand and a golf ball nearby. In front of him, a small UFO has landed in between his ball and the hole. In the background, another golfer is approaching. The scene is set on a clear day with a flag marking the hole. The golfer on the green is speaking to the other golfer.",Everyone’s landing on the green but you.,They said they can see the kink in your backswing from space.,"They want me to take them to our leader. You’re winning, right?"
829,https://nextml.github.io/caption-contest-data/cartoons/829.jpg,"Two snakes are lying on the ground next to a winding mountain road. They are looking up at a road sign with a serpentine, curvy arrow. One snake appears to be speaking to the other, who is looking up at the sign.","""You always think everything is about you.""","""It's a trick. Remember what happened to the deer?""","""I don't know who he is, but his signs are everywhere."""
830,https://nextml.github.io/caption-contest-data/cartoons/830.jpg,"In a crowded soccer stadium, a player wearing the number 10 jersey stands ready to take a penalty kick. Instead of a goalkeeper, there is a therapist's couch inside the goal, with a player lying on it and talking to a therapist who is seated on a stool, taking notes.","""Well, of course I'm being defensive.""","""My biggest fear is sudden death.""","""Are our ninety minutes about up?"""
831,https://nextml.github.io/caption-contest-data/cartoons/831.jpg,"A woman is lying in bed, reading a book, with a lamp and a glass of water on the bedside table. A man in a suit stands on top of the bed at her feet, holding a drink and speaking into a microphone on a stand. The scene is set in a bedroom with a cozy, intimate atmosphere.",Any happily married people here tonight?,Was it funny for you?,"So, relationships—am I right?"